{
  "overall_accuracy": 0.15675675675675677,
  "total_images": 185,
  "successful_images": 185,
  "correct_predictions": 29,
  "classification_report": {
    "crumbly": {
      "precision": 0.725,
      "recall": 0.453125,
      "f1-score": 0.5576923076923077,
      "support": 64.0
    },
    "intermediate": {
      "precision": 0.0,
      "recall": 0.0,
      "f1-score": 0.0,
      "support": 14.0
    },
    "not": {
      "precision": 0.0,
      "recall": 0.0,
      "f1-score": 0.0,
      "support": 107.0
    },
    "porous": {
      "precision": 0.0,
      "recall": 0.0,
      "f1-score": 0.0,
      "support": 0.0
    },
    "accuracy": 0.15675675675675677,
    "macro avg": {
      "precision": 0.18125,
      "recall": 0.11328125,
      "f1-score": 0.13942307692307693,
      "support": 185.0
    },
    "weighted avg": {
      "precision": 0.2508108108108108,
      "recall": 0.15675675675675677,
      "f1-score": 0.19293139293139294,
      "support": 185.0
    }
  },
  "success": true,
  "processing_time": 483.6101191043854,
  "dataset_path": "C:/Users/risto/Nextcloud/KalvoTech/Operations/Python/fiber_analysis_project/sample_images/Crumble_test_score",
  "num_processes_used": 21,
  "images_per_second": 0.3825395555051826
}